parameter,value
beta_0,5.9342230271359195
beta_1,0.3012896052132279
beta_2,-22.445572612385728
